epoch,epsilon,time,reward
0,0.5,1701740286.8938217,-45.83627606598196
